id,name,sku,cat,uzanti
2333233,AYKA-112,KAPILAR_0000_AYKA-112,AYKA,https://www.erenodoor.com/wp-content/uploads/images/KAPILAR_0000_AYKA-112.png
2333234,NORM-184,KAPILAR_0000_NORM-184,NORM,https://www.erenodoor.com/wp-content/uploads/images/KAPILAR_0000_NORM-184.png
2333235,YOF-52,KAPILAR_0000_YOF-52,YOF,https://www.erenodoor.com/wp-content/uploads/images/KAPILAR_0000_YOF-52.png
2333236,AYKA-111,KAPILAR_0001_AYKA-111,AYKA,https://www.erenodoor.com/wp-content/uploads/images/KAPILAR_0001_AYKA-111.png
2333237,NORM-183,KAPILAR_0001_NORM-183,NORM,https://www.erenodoor.com/wp-content/uploads/images/KAPILAR_0001_NORM-183.png
2333238,YOF-51,KAPILAR_0001_YOF-51,YOF,https://www.erenodoor.com/wp-content/uploads/images/KAPILAR_0001_YOF-51.png
2333239,AYKA-110,KAPILAR_0002_AYKA-110,AYKA,https://www.erenodoor.com/wp-content/uploads/images/KAPILAR_0002_AYKA-110.png
2333240,NORM-182,KAPILAR_0002_NORM-182,NORM,https://www.erenodoor.com/wp-content/uploads/images/KAPILAR_0002_NORM-182.png
2333241,YOF-50,KAPILAR_0002_YOF-50,YOF,https://www.erenodoor.com/wp-content/uploads/images/KAPILAR_0002_YOF-50.png
2333242,AYKA-109,KAPILAR_0003_AYKA-109,AYKA,https://www.erenodoor.com/wp-content/uploads/images/KAPILAR_0003_AYKA-109.png
2333243,NORM-181,KAPILAR_0003_NORM-181,NORM,https://www.erenodoor.com/wp-content/uploads/images/KAPILAR_0003_NORM-181.png
2333244,YOF-49,KAPILAR_0003_YOF-49,YOF,https://www.erenodoor.com/wp-content/uploads/images/KAPILAR_0003_YOF-49.png
2333245,AYKA-108,KAPILAR_0004_AYKA-108,AYKA,https://www.erenodoor.com/wp-content/uploads/images/KAPILAR_0004_AYKA-108.png
2333246,NORM-180,KAPILAR_0004_NORM-180,NORM,https://www.erenodoor.com/wp-content/uploads/images/KAPILAR_0004_NORM-180.png
2333247,YOF-48,KAPILAR_0004_YOF-48,YOF,https://www.erenodoor.com/wp-content/uploads/images/KAPILAR_0004_YOF-48.png
2333248,AYKA-107,KAPILAR_0005_AYKA-107,AYKA,https://www.erenodoor.com/wp-content/uploads/images/KAPILAR_0005_AYKA-107.png
2333249,NORM-179,KAPILAR_0005_NORM-179,NORM,https://www.erenodoor.com/wp-content/uploads/images/KAPILAR_0005_NORM-179.png
2333250,YOF-47,KAPILAR_0005_YOF-47,YOF,https://www.erenodoor.com/wp-content/uploads/images/KAPILAR_0005_YOF-47.png
2333251,AYKA-106,KAPILAR_0006_AYKA-106,AYKA,https://www.erenodoor.com/wp-content/uploads/images/KAPILAR_0006_AYKA-106.png
2333252,NORM-178,KAPILAR_0006_NORM-178,NORM,https://www.erenodoor.com/wp-content/uploads/images/KAPILAR_0006_NORM-178.png
2333253,YOF-46,KAPILAR_0006_YOF-46,YOF,https://www.erenodoor.com/wp-content/uploads/images/KAPILAR_0006_YOF-46.png
2333254,AYKA-105,KAPILAR_0007_AYKA-105,AYKA,https://www.erenodoor.com/wp-content/uploads/images/KAPILAR_0007_AYKA-105.png
2333255,NORM-177,KAPILAR_0007_NORM-177,NORM,https://www.erenodoor.com/wp-content/uploads/images/KAPILAR_0007_NORM-177.png
2333256,YOF-45,KAPILAR_0007_YOF-45,YOF,https://www.erenodoor.com/wp-content/uploads/images/KAPILAR_0007_YOF-45.png
2333257,AYKA-104,KAPILAR_0008_AYKA-104,AYKA,https://www.erenodoor.com/wp-content/uploads/images/KAPILAR_0008_AYKA-104.png
2333258,NORM-176,KAPILAR_0008_NORM-176,NORM,https://www.erenodoor.com/wp-content/uploads/images/KAPILAR_0008_NORM-176.png
2333259,YOF-44,KAPILAR_0008_YOF-44,YOF,https://www.erenodoor.com/wp-content/uploads/images/KAPILAR_0008_YOF-44.png
2333260,AYKA-103,KAPILAR_0009_AYKA-103,AYKA,https://www.erenodoor.com/wp-content/uploads/images/KAPILAR_0009_AYKA-103.png
2333261,NORM-175,KAPILAR_0009_NORM-175,NORM,https://www.erenodoor.com/wp-content/uploads/images/KAPILAR_0009_NORM-175.png
2333262,YOF-43,KAPILAR_0009_YOF-43,YOF,https://www.erenodoor.com/wp-content/uploads/images/KAPILAR_0009_YOF-43.png
2333263,AYKA-102,KAPILAR_0010_AYKA-102,AYKA,https://www.erenodoor.com/wp-content/uploads/images/KAPILAR_0010_AYKA-102.png
2333264,NORM-174,KAPILAR_0010_NORM-174,NORM,https://www.erenodoor.com/wp-content/uploads/images/KAPILAR_0010_NORM-174.png
2333265,YOF-42,KAPILAR_0010_YOF-42,YOF,https://www.erenodoor.com/wp-content/uploads/images/KAPILAR_0010_YOF-42.png
2333266,AYKA-101,KAPILAR_0011_AYKA-101,AYKA,https://www.erenodoor.com/wp-content/uploads/images/KAPILAR_0011_AYKA-101.png
2333267,NORM-173,KAPILAR_0011_NORM-173,NORM,https://www.erenodoor.com/wp-content/uploads/images/KAPILAR_0011_NORM-173.png
2333268,YOF-41,KAPILAR_0011_YOF-41,YOF,https://www.erenodoor.com/wp-content/uploads/images/KAPILAR_0011_YOF-41.png
2333269,AYKA-100,KAPILAR_0012_AYKA-100,AYKA,https://www.erenodoor.com/wp-content/uploads/images/KAPILAR_0012_AYKA-100.png
2333270,NORM-171,KAPILAR_0012_NORM-171,NORM,https://www.erenodoor.com/wp-content/uploads/images/KAPILAR_0012_NORM-171.png
2333271,YOF-40,KAPILAR_0012_YOF-40,YOF,https://www.erenodoor.com/wp-content/uploads/images/KAPILAR_0012_YOF-40.png
2333272,AYKA-99,KAPILAR_0013_AYKA-99,AYKA,https://www.erenodoor.com/wp-content/uploads/images/KAPILAR_0013_AYKA-99.png
2333273,NORM-170,KAPILAR_0013_NORM-170,NORM,https://www.erenodoor.com/wp-content/uploads/images/KAPILAR_0013_NORM-170.png
2333274,YOF-39,KAPILAR_0013_YOF-39,YOF,https://www.erenodoor.com/wp-content/uploads/images/KAPILAR_0013_YOF-39.png
2333275,AYKA-98,KAPILAR_0014_AYKA-98,AYKA,https://www.erenodoor.com/wp-content/uploads/images/KAPILAR_0014_AYKA-98.png
2333276,NORM-169,KAPILAR_0014_NORM-169,NORM,https://www.erenodoor.com/wp-content/uploads/images/KAPILAR_0014_NORM-169.png
2333277,YOF-38,KAPILAR_0014_YOF-38,YOF,https://www.erenodoor.com/wp-content/uploads/images/KAPILAR_0014_YOF-38.png
2333278,AYKA-97,KAPILAR_0015_AYKA-97,AYKA,https://www.erenodoor.com/wp-content/uploads/images/KAPILAR_0015_AYKA-97.png
2333279,NORM-168,KAPILAR_0015_NORM-168,NORM,https://www.erenodoor.com/wp-content/uploads/images/KAPILAR_0015_NORM-168.png
2333280,YOF-37,KAPILAR_0015_YOF-37,YOF,https://www.erenodoor.com/wp-content/uploads/images/KAPILAR_0015_YOF-37.png
2333281,AYKA-96,KAPILAR_0016_AYKA-96,AYKA,https://www.erenodoor.com/wp-content/uploads/images/KAPILAR_0016_AYKA-96.png
2333282,NORM-167,KAPILAR_0016_NORM-167,NORM,https://www.erenodoor.com/wp-content/uploads/images/KAPILAR_0016_NORM-167.png
2333283,YOF-36,KAPILAR_0016_YOF-36,YOF,https://www.erenodoor.com/wp-content/uploads/images/KAPILAR_0016_YOF-36.png
2333284,AYKA-95,KAPILAR_0017_AYKA-95,AYKA,https://www.erenodoor.com/wp-content/uploads/images/KAPILAR_0017_AYKA-95.png
2333285,NORM-166,KAPILAR_0017_NORM-166,NORM,https://www.erenodoor.com/wp-content/uploads/images/KAPILAR_0017_NORM-166.png
2333286,YOF-35,KAPILAR_0017_YOF-35,YOF,https://www.erenodoor.com/wp-content/uploads/images/KAPILAR_0017_YOF-35.png
2333287,AYKA-94,KAPILAR_0018_AYKA-94,AYKA,https://www.erenodoor.com/wp-content/uploads/images/KAPILAR_0018_AYKA-94.png
2333288,NORM-165,KAPILAR_0018_NORM-165,NORM,https://www.erenodoor.com/wp-content/uploads/images/KAPILAR_0018_NORM-165.png
2333289,YOF-34,KAPILAR_0018_YOF-34,YOF,https://www.erenodoor.com/wp-content/uploads/images/KAPILAR_0018_YOF-34.png
2333290,AYKA-93,KAPILAR_0019_AYKA-93,AYKA,https://www.erenodoor.com/wp-content/uploads/images/KAPILAR_0019_AYKA-93.png
2333291,NORM-164,KAPILAR_0019_NORM-164,NORM,https://www.erenodoor.com/wp-content/uploads/images/KAPILAR_0019_NORM-164.png
2333292,YOF-33,KAPILAR_0019_YOF-33,YOF,https://www.erenodoor.com/wp-content/uploads/images/KAPILAR_0019_YOF-33.png
2333293,AYKA-92,KAPILAR_0020_AYKA-92,AYKA,https://www.erenodoor.com/wp-content/uploads/images/KAPILAR_0020_AYKA-92.png
2333294,NORM-163,KAPILAR_0020_NORM-163,NORM,https://www.erenodoor.com/wp-content/uploads/images/KAPILAR_0020_NORM-163.png
2333295,YOF-32,KAPILAR_0020_YOF-32,YOF,https://www.erenodoor.com/wp-content/uploads/images/KAPILAR_0020_YOF-32.png
2333296,AYKA-91,KAPILAR_0021_AYKA-91,AYKA,https://www.erenodoor.com/wp-content/uploads/images/KAPILAR_0021_AYKA-91.png
2333297,NORM-162,KAPILAR_0021_NORM-162,NORM,https://www.erenodoor.com/wp-content/uploads/images/KAPILAR_0021_NORM-162.png
2333298,YOF-31,KAPILAR_0021_YOF-31,YOF,https://www.erenodoor.com/wp-content/uploads/images/KAPILAR_0021_YOF-31.png
2333299,AYKA-90,KAPILAR_0022_AYKA-90,AYKA,https://www.erenodoor.com/wp-content/uploads/images/KAPILAR_0022_AYKA-90.png
2333300,NORM-161,KAPILAR_0022_NORM-161,NORM,https://www.erenodoor.com/wp-content/uploads/images/KAPILAR_0022_NORM-161.png
2333301,YOF-30,KAPILAR_0022_YOF-30,YOF,https://www.erenodoor.com/wp-content/uploads/images/KAPILAR_0022_YOF-30.png
2333302,AYKA-89,KAPILAR_0023_AYKA-89,AYKA,https://www.erenodoor.com/wp-content/uploads/images/KAPILAR_0023_AYKA-89.png
2333303,NORM-160,KAPILAR_0023_NORM-160,NORM,https://www.erenodoor.com/wp-content/uploads/images/KAPILAR_0023_NORM-160.png
2333304,YOF-29,KAPILAR_0023_YOF-29,YOF,https://www.erenodoor.com/wp-content/uploads/images/KAPILAR_0023_YOF-29.png
2333305,AYKA-88,KAPILAR_0024_AYKA-88,AYKA,https://www.erenodoor.com/wp-content/uploads/images/KAPILAR_0024_AYKA-88.png
2333306,NORM-159,KAPILAR_0024_NORM-159,NORM,https://www.erenodoor.com/wp-content/uploads/images/KAPILAR_0024_NORM-159.png
2333307,YOF-28,KAPILAR_0024_YOF-28,YOF,https://www.erenodoor.com/wp-content/uploads/images/KAPILAR_0024_YOF-28.png
2333308,AYKA-87,KAPILAR_0025_AYKA-87,AYKA,https://www.erenodoor.com/wp-content/uploads/images/KAPILAR_0025_AYKA-87.png
2333309,NORM-158,KAPILAR_0025_NORM-158,NORM,https://www.erenodoor.com/wp-content/uploads/images/KAPILAR_0025_NORM-158.png
2333310,YOF-27,KAPILAR_0025_YOF-27,YOF,https://www.erenodoor.com/wp-content/uploads/images/KAPILAR_0025_YOF-27.png
2333311,AYKA-86,KAPILAR_0026_AYKA-86,AYKA,https://www.erenodoor.com/wp-content/uploads/images/KAPILAR_0026_AYKA-86.png
2333312,NORM-157,KAPILAR_0026_NORM-157,NORM,https://www.erenodoor.com/wp-content/uploads/images/KAPILAR_0026_NORM-157.png
2333313,YOF-26,KAPILAR_0026_YOF-26,YOF,https://www.erenodoor.com/wp-content/uploads/images/KAPILAR_0026_YOF-26.png
2333314,AYKA-85,KAPILAR_0027_AYKA-85,AYKA,https://www.erenodoor.com/wp-content/uploads/images/KAPILAR_0027_AYKA-85.png
2333315,NORM-156,KAPILAR_0027_NORM-156,NORM,https://www.erenodoor.com/wp-content/uploads/images/KAPILAR_0027_NORM-156.png
2333316,YOF-25,KAPILAR_0027_YOF-25,YOF,https://www.erenodoor.com/wp-content/uploads/images/KAPILAR_0027_YOF-25.png
2333317,AYKA-84,KAPILAR_0028_AYKA-84,AYKA,https://www.erenodoor.com/wp-content/uploads/images/KAPILAR_0028_AYKA-84.png
2333318,NORM-155,KAPILAR_0028_NORM-155,NORM,https://www.erenodoor.com/wp-content/uploads/images/KAPILAR_0028_NORM-155.png
2333319,YOF-24,KAPILAR_0028_YOF-24,YOF,https://www.erenodoor.com/wp-content/uploads/images/KAPILAR_0028_YOF-24.png
2333320,AYKA-83,KAPILAR_0029_AYKA-83,AYKA,https://www.erenodoor.com/wp-content/uploads/images/KAPILAR_0029_AYKA-83.png
2333321,NORM-154,KAPILAR_0029_NORM-154,NORM,https://www.erenodoor.com/wp-content/uploads/images/KAPILAR_0029_NORM-154.png
2333322,YOF-23,KAPILAR_0029_YOF-23,YOF,https://www.erenodoor.com/wp-content/uploads/images/KAPILAR_0029_YOF-23.png
2333323,AYKA-82,KAPILAR_0030_AYKA-82,AYKA,https://www.erenodoor.com/wp-content/uploads/images/KAPILAR_0030_AYKA-82.png
2333324,NORM-153,KAPILAR_0030_NORM-153,NORM,https://www.erenodoor.com/wp-content/uploads/images/KAPILAR_0030_NORM-153.png
2333325,YOF-22,KAPILAR_0030_YOF-22,YOF,https://www.erenodoor.com/wp-content/uploads/images/KAPILAR_0030_YOF-22.png
2333326,AYKA-81,KAPILAR_0031_AYKA-81,AYKA,https://www.erenodoor.com/wp-content/uploads/images/KAPILAR_0031_AYKA-81.png
2333327,NORM-152,KAPILAR_0031_NORM-152,NORM,https://www.erenodoor.com/wp-content/uploads/images/KAPILAR_0031_NORM-152.png
2333328,YOF-21,KAPILAR_0031_YOF-21,YOF,https://www.erenodoor.com/wp-content/uploads/images/KAPILAR_0031_YOF-21.png
2333329,AYKA-80,KAPILAR_0032_AYKA-80,AYKA,https://www.erenodoor.com/wp-content/uploads/images/KAPILAR_0032_AYKA-80.png
2333330,NORM-151,KAPILAR_0032_NORM-151,NORM,https://www.erenodoor.com/wp-content/uploads/images/KAPILAR_0032_NORM-151.png
2333331,YOF-20,KAPILAR_0032_YOF-20,YOF,https://www.erenodoor.com/wp-content/uploads/images/KAPILAR_0032_YOF-20.png
2333332,AYKA-79,KAPILAR_0033_AYKA-79,AYKA,https://www.erenodoor.com/wp-content/uploads/images/KAPILAR_0033_AYKA-79.png
2333333,NORM-150,KAPILAR_0033_NORM-150,NORM,https://www.erenodoor.com/wp-content/uploads/images/KAPILAR_0033_NORM-150.png
2333334,YOF-19,KAPILAR_0033_YOF-19,YOF,https://www.erenodoor.com/wp-content/uploads/images/KAPILAR_0033_YOF-19.png
2333335,AYKA-78,KAPILAR_0034_AYKA-78,AYKA,https://www.erenodoor.com/wp-content/uploads/images/KAPILAR_0034_AYKA-78.png
2333336,NORM-149,KAPILAR_0034_NORM-149,NORM,https://www.erenodoor.com/wp-content/uploads/images/KAPILAR_0034_NORM-149.png
2333337,YOF-18,KAPILAR_0034_YOF-18,YOF,https://www.erenodoor.com/wp-content/uploads/images/KAPILAR_0034_YOF-18.png
2333338,AYKA-77,KAPILAR_0035_AYKA-77,AYKA,https://www.erenodoor.com/wp-content/uploads/images/KAPILAR_0035_AYKA-77.png
2333339,NORM-148,KAPILAR_0035_NORM-148,NORM,https://www.erenodoor.com/wp-content/uploads/images/KAPILAR_0035_NORM-148.png
2333340,YOF-17,KAPILAR_0035_YOF-17,YOF,https://www.erenodoor.com/wp-content/uploads/images/KAPILAR_0035_YOF-17.png
2333341,AYKA-76,KAPILAR_0036_AYKA-76,AYKA,https://www.erenodoor.com/wp-content/uploads/images/KAPILAR_0036_AYKA-76.png
2333342,NORM-147,KAPILAR_0036_NORM-147,NORM,https://www.erenodoor.com/wp-content/uploads/images/KAPILAR_0036_NORM-147.png
2333343,YOF-16,KAPILAR_0036_YOF-16,YOF,https://www.erenodoor.com/wp-content/uploads/images/KAPILAR_0036_YOF-16.png
2333344,AYKA-75,KAPILAR_0037_AYKA-75,AYKA,https://www.erenodoor.com/wp-content/uploads/images/KAPILAR_0037_AYKA-75.png
2333345,NORM-146,KAPILAR_0037_NORM-146,NORM,https://www.erenodoor.com/wp-content/uploads/images/KAPILAR_0037_NORM-146.png
2333346,YOF-15,KAPILAR_0037_YOF-15,YOF,https://www.erenodoor.com/wp-content/uploads/images/KAPILAR_0037_YOF-15.png
2333347,AYKA-74,KAPILAR_0038_AYKA-74,AYKA,https://www.erenodoor.com/wp-content/uploads/images/KAPILAR_0038_AYKA-74.png
2333348,NORM-145,KAPILAR_0038_NORM-145,NORM,https://www.erenodoor.com/wp-content/uploads/images/KAPILAR_0038_NORM-145.png
2333349,YOF-14,KAPILAR_0038_YOF-14,YOF,https://www.erenodoor.com/wp-content/uploads/images/KAPILAR_0038_YOF-14.png
2333350,AYKA-73,KAPILAR_0039_AYKA-73,AYKA,https://www.erenodoor.com/wp-content/uploads/images/KAPILAR_0039_AYKA-73.png
2333351,NORM-144,KAPILAR_0039_NORM-144,NORM,https://www.erenodoor.com/wp-content/uploads/images/KAPILAR_0039_NORM-144.png
2333352,YOF-13,KAPILAR_0039_YOF-13,YOF,https://www.erenodoor.com/wp-content/uploads/images/KAPILAR_0039_YOF-13.png
2333353,AYKA-72,KAPILAR_0040_AYKA-72,AYKA,https://www.erenodoor.com/wp-content/uploads/images/KAPILAR_0040_AYKA-72.png
2333354,NORM-143,KAPILAR_0040_NORM-143,NORM,https://www.erenodoor.com/wp-content/uploads/images/KAPILAR_0040_NORM-143.png
2333355,YOF-12,KAPILAR_0040_YOF-12,YOF,https://www.erenodoor.com/wp-content/uploads/images/KAPILAR_0040_YOF-12.png
2333356,AYKA-71,KAPILAR_0041_AYKA-71,AYKA,https://www.erenodoor.com/wp-content/uploads/images/KAPILAR_0041_AYKA-71.png
2333357,NORM-142,KAPILAR_0041_NORM-142,NORM,https://www.erenodoor.com/wp-content/uploads/images/KAPILAR_0041_NORM-142.png
2333358,YOF-11,KAPILAR_0041_YOF-11,YOF,https://www.erenodoor.com/wp-content/uploads/images/KAPILAR_0041_YOF-11.png
2333359,AYKA-70,KAPILAR_0042_AYKA-70,AYKA,https://www.erenodoor.com/wp-content/uploads/images/KAPILAR_0042_AYKA-70.png
2333360,NORM-141,KAPILAR_0042_NORM-141,NORM,https://www.erenodoor.com/wp-content/uploads/images/KAPILAR_0042_NORM-141.png
2333361,YOF-10,KAPILAR_0042_YOF-10,YOF,https://www.erenodoor.com/wp-content/uploads/images/KAPILAR_0042_YOF-10.png
2333362,AYKA-69,KAPILAR_0043_AYKA-69,AYKA,https://www.erenodoor.com/wp-content/uploads/images/KAPILAR_0043_AYKA-69.png
2333363,NORM-140,KAPILAR_0043_NORM-140,NORM,https://www.erenodoor.com/wp-content/uploads/images/KAPILAR_0043_NORM-140.png
2333364,YOF-9,KAPILAR_0043_YOF-9,YOF,https://www.erenodoor.com/wp-content/uploads/images/KAPILAR_0043_YOF-9.png
2333365,AYKA-68,KAPILAR_0044_AYKA-68,AYKA,https://www.erenodoor.com/wp-content/uploads/images/KAPILAR_0044_AYKA-68.png
2333366,NORM-139,KAPILAR_0044_NORM-139,NORM,https://www.erenodoor.com/wp-content/uploads/images/KAPILAR_0044_NORM-139.png
2333367,YOF-8,KAPILAR_0044_YOF-8,YOF,https://www.erenodoor.com/wp-content/uploads/images/KAPILAR_0044_YOF-8.png
2333368,AYKA-67,KAPILAR_0045_AYKA-67,AYKA,https://www.erenodoor.com/wp-content/uploads/images/KAPILAR_0045_AYKA-67.png
2333369,NORM-138,KAPILAR_0045_NORM-138,NORM,https://www.erenodoor.com/wp-content/uploads/images/KAPILAR_0045_NORM-138.png
2333370,YOF-7,KAPILAR_0045_YOF-7,YOF,https://www.erenodoor.com/wp-content/uploads/images/KAPILAR_0045_YOF-7.png
2333371,AYKA-66,KAPILAR_0046_AYKA-66,AYKA,https://www.erenodoor.com/wp-content/uploads/images/KAPILAR_0046_AYKA-66.png
2333372,NORM-137,KAPILAR_0046_NORM-137,NORM,https://www.erenodoor.com/wp-content/uploads/images/KAPILAR_0046_NORM-137.png
2333373,YOF-6,KAPILAR_0046_YOF-6,YOF,https://www.erenodoor.com/wp-content/uploads/images/KAPILAR_0046_YOF-6.png
2333374,AYKA-65,KAPILAR_0047_AYKA-65,AYKA,https://www.erenodoor.com/wp-content/uploads/images/KAPILAR_0047_AYKA-65.png
2333375,NORM-136,KAPILAR_0047_NORM-136,NORM,https://www.erenodoor.com/wp-content/uploads/images/KAPILAR_0047_NORM-136.png
2333376,YOF-5,KAPILAR_0047_YOF-5,YOF,https://www.erenodoor.com/wp-content/uploads/images/KAPILAR_0047_YOF-5.png
2333377,AYKA-64,KAPILAR_0048_AYKA-64,AYKA,https://www.erenodoor.com/wp-content/uploads/images/KAPILAR_0048_AYKA-64.png
2333378,NORM-135,KAPILAR_0048_NORM-135,NORM,https://www.erenodoor.com/wp-content/uploads/images/KAPILAR_0048_NORM-135.png
2333379,YOF-4,KAPILAR_0048_YOF-4,YOF,https://www.erenodoor.com/wp-content/uploads/images/KAPILAR_0048_YOF-4.png
2333380,AYKA-63,KAPILAR_0049_AYKA-63,AYKA,https://www.erenodoor.com/wp-content/uploads/images/KAPILAR_0049_AYKA-63.png
2333381,NORM-134,KAPILAR_0049_NORM-134,NORM,https://www.erenodoor.com/wp-content/uploads/images/KAPILAR_0049_NORM-134.png
2333382,YOF-3,KAPILAR_0049_YOF-3,YOF,https://www.erenodoor.com/wp-content/uploads/images/KAPILAR_0049_YOF-3.png
2333383,AYKA-62,KAPILAR_0050_AYKA-62,AYKA,https://www.erenodoor.com/wp-content/uploads/images/KAPILAR_0050_AYKA-62.png
2333384,NORM-133,KAPILAR_0050_NORM-133,NORM,https://www.erenodoor.com/wp-content/uploads/images/KAPILAR_0050_NORM-133.png
2333385,YOF-2,KAPILAR_0050_YOF-2,YOF,https://www.erenodoor.com/wp-content/uploads/images/KAPILAR_0050_YOF-2.png
2333386,AYKA-61,KAPILAR_0051_AYKA-61,AYKA,https://www.erenodoor.com/wp-content/uploads/images/KAPILAR_0051_AYKA-61.png
2333387,NORM-132,KAPILAR_0051_NORM-132,NORM,https://www.erenodoor.com/wp-content/uploads/images/KAPILAR_0051_NORM-132.png
2333388,YOF-1,KAPILAR_0051_YOF-1,YOF,https://www.erenodoor.com/wp-content/uploads/images/KAPILAR_0051_YOF-1.png
2333389,AYKA-60,KAPILAR_0052_AYKA-60,AYKA,https://www.erenodoor.com/wp-content/uploads/images/KAPILAR_0052_AYKA-60.png
2333390,NORM-131,KAPILAR_0052_NORM-131,NORM,https://www.erenodoor.com/wp-content/uploads/images/KAPILAR_0052_NORM-131.png
2333391,AYKA-59,KAPILAR_0053_AYKA-59,AYKA,https://www.erenodoor.com/wp-content/uploads/images/KAPILAR_0053_AYKA-59.png
2333392,NORM-130,KAPILAR_0053_NORM-130,NORM,https://www.erenodoor.com/wp-content/uploads/images/KAPILAR_0053_NORM-130.png
2333393,AYKA-58,KAPILAR_0054_AYKA-58,AYKA,https://www.erenodoor.com/wp-content/uploads/images/KAPILAR_0054_AYKA-58.png
2333394,NORM-129,KAPILAR_0054_NORM-129,NORM,https://www.erenodoor.com/wp-content/uploads/images/KAPILAR_0054_NORM-129.png
2333395,AYKA-57,KAPILAR_0055_AYKA-57,AYKA,https://www.erenodoor.com/wp-content/uploads/images/KAPILAR_0055_AYKA-57.png
2333396,NORM-128,KAPILAR_0055_NORM-128,NORM,https://www.erenodoor.com/wp-content/uploads/images/KAPILAR_0055_NORM-128.png
2333397,AYKA-56,KAPILAR_0056_AYKA-56,AYKA,https://www.erenodoor.com/wp-content/uploads/images/KAPILAR_0056_AYKA-56.png
2333398,NORM-127,KAPILAR_0056_NORM-127,NORM,https://www.erenodoor.com/wp-content/uploads/images/KAPILAR_0056_NORM-127.png
2333399,AYKA-55,KAPILAR_0057_AYKA-55,AYKA,https://www.erenodoor.com/wp-content/uploads/images/KAPILAR_0057_AYKA-55.png
2333400,NORM-126,KAPILAR_0057_NORM-126,NORM,https://www.erenodoor.com/wp-content/uploads/images/KAPILAR_0057_NORM-126.png
2333401,AYKA-54,KAPILAR_0058_AYKA-54,AYKA,https://www.erenodoor.com/wp-content/uploads/images/KAPILAR_0058_AYKA-54.png
2333402,NORM-125,KAPILAR_0058_NORM-125,NORM,https://www.erenodoor.com/wp-content/uploads/images/KAPILAR_0058_NORM-125.png
2333403,AYKA-53,KAPILAR_0059_AYKA-53,AYKA,https://www.erenodoor.com/wp-content/uploads/images/KAPILAR_0059_AYKA-53.png
2333404,NORM-124,KAPILAR_0059_NORM-124,NORM,https://www.erenodoor.com/wp-content/uploads/images/KAPILAR_0059_NORM-124.png
2333405,AYKA-52,KAPILAR_0060_AYKA-52,AYKA,https://www.erenodoor.com/wp-content/uploads/images/KAPILAR_0060_AYKA-52.png
2333406,NORM-123,KAPILAR_0060_NORM-123,NORM,https://www.erenodoor.com/wp-content/uploads/images/KAPILAR_0060_NORM-123.png
2333407,AYKA-51,KAPILAR_0061_AYKA-51,AYKA,https://www.erenodoor.com/wp-content/uploads/images/KAPILAR_0061_AYKA-51.png
2333408,NORM-122,KAPILAR_0061_NORM-122,NORM,https://www.erenodoor.com/wp-content/uploads/images/KAPILAR_0061_NORM-122.png
2333409,AYKA-50,KAPILAR_0062_AYKA-50,AYKA,https://www.erenodoor.com/wp-content/uploads/images/KAPILAR_0062_AYKA-50.png
2333410,NORM-121,KAPILAR_0062_NORM-121,NORM,https://www.erenodoor.com/wp-content/uploads/images/KAPILAR_0062_NORM-121.png
2333411,AYKA-49,KAPILAR_0063_AYKA-49,AYKA,https://www.erenodoor.com/wp-content/uploads/images/KAPILAR_0063_AYKA-49.png
2333412,NORM-120,KAPILAR_0063_NORM-120,NORM,https://www.erenodoor.com/wp-content/uploads/images/KAPILAR_0063_NORM-120.png
2333413,AYKA-48,KAPILAR_0064_AYKA-48,AYKA,https://www.erenodoor.com/wp-content/uploads/images/KAPILAR_0064_AYKA-48.png
2333414,NORM-119,KAPILAR_0064_NORM-119,NORM,https://www.erenodoor.com/wp-content/uploads/images/KAPILAR_0064_NORM-119.png
2333415,AYKA-47,KAPILAR_0065_AYKA-47,AYKA,https://www.erenodoor.com/wp-content/uploads/images/KAPILAR_0065_AYKA-47.png
2333416,NORM-118,KAPILAR_0065_NORM-118,NORM,https://www.erenodoor.com/wp-content/uploads/images/KAPILAR_0065_NORM-118.png
2333417,AYKA-46,KAPILAR_0066_AYKA-46,AYKA,https://www.erenodoor.com/wp-content/uploads/images/KAPILAR_0066_AYKA-46.png
2333418,NORM-117,KAPILAR_0066_NORM-117,NORM,https://www.erenodoor.com/wp-content/uploads/images/KAPILAR_0066_NORM-117.png
2333419,AYKA-45,KAPILAR_0067_AYKA-45,AYKA,https://www.erenodoor.com/wp-content/uploads/images/KAPILAR_0067_AYKA-45.png
2333420,NORM-116,KAPILAR_0067_NORM-116,NORM,https://www.erenodoor.com/wp-content/uploads/images/KAPILAR_0067_NORM-116.png
2333421,AYKA-44,KAPILAR_0068_AYKA-44,AYKA,https://www.erenodoor.com/wp-content/uploads/images/KAPILAR_0068_AYKA-44.png
2333422,NORM-115,KAPILAR_0068_NORM-115,NORM,https://www.erenodoor.com/wp-content/uploads/images/KAPILAR_0068_NORM-115.png
2333423,AYKA-43,KAPILAR_0069_AYKA-43,AYKA,https://www.erenodoor.com/wp-content/uploads/images/KAPILAR_0069_AYKA-43.png
2333424,NORM-114,KAPILAR_0069_NORM-114,NORM,https://www.erenodoor.com/wp-content/uploads/images/KAPILAR_0069_NORM-114.png
2333425,AYKA-42,KAPILAR_0070_AYKA-42,AYKA,https://www.erenodoor.com/wp-content/uploads/images/KAPILAR_0070_AYKA-42.png
2333426,NORM-113,KAPILAR_0070_NORM-113,NORM,https://www.erenodoor.com/wp-content/uploads/images/KAPILAR_0070_NORM-113.png
2333427,AYKA-41,KAPILAR_0071_AYKA-41,AYKA,https://www.erenodoor.com/wp-content/uploads/images/KAPILAR_0071_AYKA-41.png
2333428,NORM-112,KAPILAR_0071_NORM-112,NORM,https://www.erenodoor.com/wp-content/uploads/images/KAPILAR_0071_NORM-112.png
2333429,AYKA-40,KAPILAR_0072_AYKA-40,AYKA,https://www.erenodoor.com/wp-content/uploads/images/KAPILAR_0072_AYKA-40.png
2333430,NORM-111,KAPILAR_0072_NORM-111,NORM,https://www.erenodoor.com/wp-content/uploads/images/KAPILAR_0072_NORM-111.png
2333431,AYKA-39,KAPILAR_0073_AYKA-39,AYKA,https://www.erenodoor.com/wp-content/uploads/images/KAPILAR_0073_AYKA-39.png
2333432,NORM-110,KAPILAR_0073_NORM-110,NORM,https://www.erenodoor.com/wp-content/uploads/images/KAPILAR_0073_NORM-110.png
2333433,AYKA-38,KAPILAR_0074_AYKA-38,AYKA,https://www.erenodoor.com/wp-content/uploads/images/KAPILAR_0074_AYKA-38.png
2333434,NORM-109,KAPILAR_0074_NORM-109,NORM,https://www.erenodoor.com/wp-content/uploads/images/KAPILAR_0074_NORM-109.png
2333435,AYKA-37,KAPILAR_0075_AYKA-37,AYKA,https://www.erenodoor.com/wp-content/uploads/images/KAPILAR_0075_AYKA-37.png
2333436,NORM-108,KAPILAR_0075_NORM-108,NORM,https://www.erenodoor.com/wp-content/uploads/images/KAPILAR_0075_NORM-108.png
2333437,AYKA-36,KAPILAR_0076_AYKA-36,AYKA,https://www.erenodoor.com/wp-content/uploads/images/KAPILAR_0076_AYKA-36.png
2333438,NORM-107,KAPILAR_0076_NORM-107,NORM,https://www.erenodoor.com/wp-content/uploads/images/KAPILAR_0076_NORM-107.png
2333439,AYKA-35,KAPILAR_0077_AYKA-35,AYKA,https://www.erenodoor.com/wp-content/uploads/images/KAPILAR_0077_AYKA-35.png
2333440,NORM-106,KAPILAR_0077_NORM-106,NORM,https://www.erenodoor.com/wp-content/uploads/images/KAPILAR_0077_NORM-106.png
2333441,AYKA-34,KAPILAR_0078_AYKA-34,AYKA,https://www.erenodoor.com/wp-content/uploads/images/KAPILAR_0078_AYKA-34.png
2333442,NORM-105,KAPILAR_0078_NORM-105,NORM,https://www.erenodoor.com/wp-content/uploads/images/KAPILAR_0078_NORM-105.png
2333443,AYKA-33,KAPILAR_0079_AYKA-33,AYKA,https://www.erenodoor.com/wp-content/uploads/images/KAPILAR_0079_AYKA-33.png
2333444,NORM-104,KAPILAR_0079_NORM-104,NORM,https://www.erenodoor.com/wp-content/uploads/images/KAPILAR_0079_NORM-104.png
2333445,AYKA-32,KAPILAR_0080_AYKA-32,AYKA,https://www.erenodoor.com/wp-content/uploads/images/KAPILAR_0080_AYKA-32.png
2333446,NORM-103,KAPILAR_0080_NORM-103,NORM,https://www.erenodoor.com/wp-content/uploads/images/KAPILAR_0080_NORM-103.png
2333447,AYKA-31,KAPILAR_0081_AYKA-31,AYKA,https://www.erenodoor.com/wp-content/uploads/images/KAPILAR_0081_AYKA-31.png
2333448,NORM-102,KAPILAR_0081_NORM-102,NORM,https://www.erenodoor.com/wp-content/uploads/images/KAPILAR_0081_NORM-102.png
2333449,AYKA-30,KAPILAR_0082_AYKA-30,AYKA,https://www.erenodoor.com/wp-content/uploads/images/KAPILAR_0082_AYKA-30.png
2333450,NORM-101,KAPILAR_0082_NORM-101,NORM,https://www.erenodoor.com/wp-content/uploads/images/KAPILAR_0082_NORM-101.png
2333451,AYKA-29,KAPILAR_0083_AYKA-29,AYKA,https://www.erenodoor.com/wp-content/uploads/images/KAPILAR_0083_AYKA-29.png
2333452,NORM-100,KAPILAR_0083_NORM-100,NORM,https://www.erenodoor.com/wp-content/uploads/images/KAPILAR_0083_NORM-100.png
2333453,AYKA-28,KAPILAR_0084_AYKA-28,AYKA,https://www.erenodoor.com/wp-content/uploads/images/KAPILAR_0084_AYKA-28.png
2333454,NORM-99,KAPILAR_0084_NORM-99,NORM,https://www.erenodoor.com/wp-content/uploads/images/KAPILAR_0084_NORM-99.png
2333455,AYKA-27,KAPILAR_0085_AYKA-27,AYKA,https://www.erenodoor.com/wp-content/uploads/images/KAPILAR_0085_AYKA-27.png
2333456,NORM-98,KAPILAR_0085_NORM-98,NORM,https://www.erenodoor.com/wp-content/uploads/images/KAPILAR_0085_NORM-98.png
2333457,AYKA-26,KAPILAR_0086_AYKA-26,AYKA,https://www.erenodoor.com/wp-content/uploads/images/KAPILAR_0086_AYKA-26.png
2333458,NORM-97,KAPILAR_0086_NORM-97,NORM,https://www.erenodoor.com/wp-content/uploads/images/KAPILAR_0086_NORM-97.png
2333459,AYKA-25,KAPILAR_0087_AYKA-25,AYKA,https://www.erenodoor.com/wp-content/uploads/images/KAPILAR_0087_AYKA-25.png
2333460,NORM-96,KAPILAR_0087_NORM-96,NORM,https://www.erenodoor.com/wp-content/uploads/images/KAPILAR_0087_NORM-96.png
2333461,AYKA-24,KAPILAR_0088_AYKA-24,AYKA,https://www.erenodoor.com/wp-content/uploads/images/KAPILAR_0088_AYKA-24.png
2333462,NORM-95,KAPILAR_0088_NORM-95,NORM,https://www.erenodoor.com/wp-content/uploads/images/KAPILAR_0088_NORM-95.png
2333463,AYKA-23,KAPILAR_0089_AYKA-23,AYKA,https://www.erenodoor.com/wp-content/uploads/images/KAPILAR_0089_AYKA-23.png
2333464,NORM-94,KAPILAR_0089_NORM-94,NORM,https://www.erenodoor.com/wp-content/uploads/images/KAPILAR_0089_NORM-94.png
2333465,AYKA-22,KAPILAR_0090_AYKA-22,AYKA,https://www.erenodoor.com/wp-content/uploads/images/KAPILAR_0090_AYKA-22.png
2333466,NORM-93,KAPILAR_0090_NORM-93,NORM,https://www.erenodoor.com/wp-content/uploads/images/KAPILAR_0090_NORM-93.png
2333467,AYKA-21,KAPILAR_0091_AYKA-21,AYKA,https://www.erenodoor.com/wp-content/uploads/images/KAPILAR_0091_AYKA-21.png
2333468,NORM-92,KAPILAR_0091_NORM-92,NORM,https://www.erenodoor.com/wp-content/uploads/images/KAPILAR_0091_NORM-92.png
2333469,AYKA-20,KAPILAR_0092_AYKA-20,AYKA,https://www.erenodoor.com/wp-content/uploads/images/KAPILAR_0092_AYKA-20.png
2333470,NORM-91,KAPILAR_0092_NORM-91,NORM,https://www.erenodoor.com/wp-content/uploads/images/KAPILAR_0092_NORM-91.png
2333471,AYKA-19,KAPILAR_0093_AYKA-19,AYKA,https://www.erenodoor.com/wp-content/uploads/images/KAPILAR_0093_AYKA-19.png
2333472,NORM-90,KAPILAR_0093_NORM-90,NORM,https://www.erenodoor.com/wp-content/uploads/images/KAPILAR_0093_NORM-90.png
2333473,AYKA-18,KAPILAR_0094_AYKA-18,AYKA,https://www.erenodoor.com/wp-content/uploads/images/KAPILAR_0094_AYKA-18.png
2333474,NORM-89,KAPILAR_0094_NORM-89,NORM,https://www.erenodoor.com/wp-content/uploads/images/KAPILAR_0094_NORM-89.png
2333475,AYKA-17,KAPILAR_0095_AYKA-17,AYKA,https://www.erenodoor.com/wp-content/uploads/images/KAPILAR_0095_AYKA-17.png
2333476,NORM-88,KAPILAR_0095_NORM-88,NORM,https://www.erenodoor.com/wp-content/uploads/images/KAPILAR_0095_NORM-88.png
2333477,AYKA-16,KAPILAR_0096_AYKA-16,AYKA,https://www.erenodoor.com/wp-content/uploads/images/KAPILAR_0096_AYKA-16.png
2333478,NORM-87,KAPILAR_0096_NORM-87,NORM,https://www.erenodoor.com/wp-content/uploads/images/KAPILAR_0096_NORM-87.png
2333479,AYKA-15,KAPILAR_0097_AYKA-15,AYKA,https://www.erenodoor.com/wp-content/uploads/images/KAPILAR_0097_AYKA-15.png
2333480,NORM-86,KAPILAR_0097_NORM-86,NORM,https://www.erenodoor.com/wp-content/uploads/images/KAPILAR_0097_NORM-86.png
2333481,AYKA-14,KAPILAR_0098_AYKA-14,AYKA,https://www.erenodoor.com/wp-content/uploads/images/KAPILAR_0098_AYKA-14.png
2333482,NORM-85,KAPILAR_0098_NORM-85,NORM,https://www.erenodoor.com/wp-content/uploads/images/KAPILAR_0098_NORM-85.png
2333483,AYKA-13,KAPILAR_0099_AYKA-13,AYKA,https://www.erenodoor.com/wp-content/uploads/images/KAPILAR_0099_AYKA-13.png
2333484,NORM-84,KAPILAR_0099_NORM-84,NORM,https://www.erenodoor.com/wp-content/uploads/images/KAPILAR_0099_NORM-84.png
2333485,AYKA-12,KAPILAR_0100_AYKA-12,AYKA,https://www.erenodoor.com/wp-content/uploads/images/KAPILAR_0100_AYKA-12.png
2333486,NORM-83,KAPILAR_0100_NORM-83,NORM,https://www.erenodoor.com/wp-content/uploads/images/KAPILAR_0100_NORM-83.png
2333487,AYKA-11,KAPILAR_0101_AYKA-11,AYKA,https://www.erenodoor.com/wp-content/uploads/images/KAPILAR_0101_AYKA-11.png
2333488,NORM-82,KAPILAR_0101_NORM-82,NORM,https://www.erenodoor.com/wp-content/uploads/images/KAPILAR_0101_NORM-82.png
2333489,AYKA-10,KAPILAR_0102_AYKA-10,AYKA,https://www.erenodoor.com/wp-content/uploads/images/KAPILAR_0102_AYKA-10.png
2333490,NORM-81,KAPILAR_0102_NORM-81,NORM,https://www.erenodoor.com/wp-content/uploads/images/KAPILAR_0102_NORM-81.png
2333491,AYKA-9,KAPILAR_0103_AYKA-9,AYKA,https://www.erenodoor.com/wp-content/uploads/images/KAPILAR_0103_AYKA-9.png
2333492,NORM-80,KAPILAR_0103_NORM-80,NORM,https://www.erenodoor.com/wp-content/uploads/images/KAPILAR_0103_NORM-80.png
2333493,AYKA-8,KAPILAR_0104_AYKA-8,AYKA,https://www.erenodoor.com/wp-content/uploads/images/KAPILAR_0104_AYKA-8.png
2333494,NORM-79,KAPILAR_0104_NORM-79,NORM,https://www.erenodoor.com/wp-content/uploads/images/KAPILAR_0104_NORM-79.png
2333495,AYKA-7,KAPILAR_0105_AYKA-7,AYKA,https://www.erenodoor.com/wp-content/uploads/images/KAPILAR_0105_AYKA-7.png
2333496,NORM-78,KAPILAR_0105_NORM-78,NORM,https://www.erenodoor.com/wp-content/uploads/images/KAPILAR_0105_NORM-78.png
2333497,AYKA-6,KAPILAR_0106_AYKA-6,AYKA,https://www.erenodoor.com/wp-content/uploads/images/KAPILAR_0106_AYKA-6.png
2333498,NORM-77,KAPILAR_0106_NORM-77,NORM,https://www.erenodoor.com/wp-content/uploads/images/KAPILAR_0106_NORM-77.png
2333499,AYKA-5,KAPILAR_0107_AYKA-5,AYKA,https://www.erenodoor.com/wp-content/uploads/images/KAPILAR_0107_AYKA-5.png
2333500,NORM-76,KAPILAR_0107_NORM-76,NORM,https://www.erenodoor.com/wp-content/uploads/images/KAPILAR_0107_NORM-76.png
2333501,AYKA-4,KAPILAR_0108_AYKA-4,AYKA,https://www.erenodoor.com/wp-content/uploads/images/KAPILAR_0108_AYKA-4.png
2333502,NORM-75,KAPILAR_0108_NORM-75,NORM,https://www.erenodoor.com/wp-content/uploads/images/KAPILAR_0108_NORM-75.png
2333503,AYKA-3,KAPILAR_0109_AYKA-3,AYKA,https://www.erenodoor.com/wp-content/uploads/images/KAPILAR_0109_AYKA-3.png
2333504,NORM-74,KAPILAR_0109_NORM-74,NORM,https://www.erenodoor.com/wp-content/uploads/images/KAPILAR_0109_NORM-74.png
2333505,AYKA-2,KAPILAR_0110_AYKA-2,AYKA,https://www.erenodoor.com/wp-content/uploads/images/KAPILAR_0110_AYKA-2.png
2333506,NORM-73,KAPILAR_0110_NORM-73,NORM,https://www.erenodoor.com/wp-content/uploads/images/KAPILAR_0110_NORM-73.png
2333507,AYKA-1,KAPILAR_0111_AYKA-1,AYKA,https://www.erenodoor.com/wp-content/uploads/images/KAPILAR_0111_AYKA-1.png
2333508,NORM-72,KAPILAR_0111_NORM-72,NORM,https://www.erenodoor.com/wp-content/uploads/images/KAPILAR_0111_NORM-72.png
2333509,NORM-71,KAPILAR_0112_NORM-71,NORM,https://www.erenodoor.com/wp-content/uploads/images/KAPILAR_0112_NORM-71.png
2333510,NORM-70,KAPILAR_0113_NORM-70,NORM,https://www.erenodoor.com/wp-content/uploads/images/KAPILAR_0113_NORM-70.png
2333511,NORM-69,KAPILAR_0114_NORM-69,NORM,https://www.erenodoor.com/wp-content/uploads/images/KAPILAR_0114_NORM-69.png
2333512,NORM-68,KAPILAR_0115_NORM-68,NORM,https://www.erenodoor.com/wp-content/uploads/images/KAPILAR_0115_NORM-68.png
2333513,NORM-67,KAPILAR_0116_NORM-67,NORM,https://www.erenodoor.com/wp-content/uploads/images/KAPILAR_0116_NORM-67.png
2333514,NORM-66,KAPILAR_0117_NORM-66,NORM,https://www.erenodoor.com/wp-content/uploads/images/KAPILAR_0117_NORM-66.png
2333515,NORM-65,KAPILAR_0118_NORM-65,NORM,https://www.erenodoor.com/wp-content/uploads/images/KAPILAR_0118_NORM-65.png
2333516,NORM-64,KAPILAR_0119_NORM-64,NORM,https://www.erenodoor.com/wp-content/uploads/images/KAPILAR_0119_NORM-64.png
2333517,NORM-63,KAPILAR_0120_NORM-63,NORM,https://www.erenodoor.com/wp-content/uploads/images/KAPILAR_0120_NORM-63.png
2333518,NORM-62,KAPILAR_0121_NORM-62,NORM,https://www.erenodoor.com/wp-content/uploads/images/KAPILAR_0121_NORM-62.png
2333519,NORM-61,KAPILAR_0122_NORM-61,NORM,https://www.erenodoor.com/wp-content/uploads/images/KAPILAR_0122_NORM-61.png
2333520,NORM-60,KAPILAR_0123_NORM-60,NORM,https://www.erenodoor.com/wp-content/uploads/images/KAPILAR_0123_NORM-60.png
2333521,NORM-59,KAPILAR_0124_NORM-59,NORM,https://www.erenodoor.com/wp-content/uploads/images/KAPILAR_0124_NORM-59.png
2333522,NORM-58,KAPILAR_0125_NORM-58,NORM,https://www.erenodoor.com/wp-content/uploads/images/KAPILAR_0125_NORM-58.png
2333523,NORM-57,KAPILAR_0126_NORM-57,NORM,https://www.erenodoor.com/wp-content/uploads/images/KAPILAR_0126_NORM-57.png
2333524,NORM-56,KAPILAR_0127_NORM-56,NORM,https://www.erenodoor.com/wp-content/uploads/images/KAPILAR_0127_NORM-56.png
2333525,NORM-55,KAPILAR_0128_NORM-55,NORM,https://www.erenodoor.com/wp-content/uploads/images/KAPILAR_0128_NORM-55.png
2333526,NORM-54,KAPILAR_0129_NORM-54,NORM,https://www.erenodoor.com/wp-content/uploads/images/KAPILAR_0129_NORM-54.png
2333527,NORM-53,KAPILAR_0130_NORM-53,NORM,https://www.erenodoor.com/wp-content/uploads/images/KAPILAR_0130_NORM-53.png
2333528,NORM-52,KAPILAR_0131_NORM-52,NORM,https://www.erenodoor.com/wp-content/uploads/images/KAPILAR_0131_NORM-52.png
2333529,NORM-51,KAPILAR_0132_NORM-51,NORM,https://www.erenodoor.com/wp-content/uploads/images/KAPILAR_0132_NORM-51.png
2333530,NORM-50,KAPILAR_0133_NORM-50,NORM,https://www.erenodoor.com/wp-content/uploads/images/KAPILAR_0133_NORM-50.png
2333531,NORM-49,KAPILAR_0134_NORM-49,NORM,https://www.erenodoor.com/wp-content/uploads/images/KAPILAR_0134_NORM-49.png
2333532,NORM-48,KAPILAR_0135_NORM-48,NORM,https://www.erenodoor.com/wp-content/uploads/images/KAPILAR_0135_NORM-48.png
2333533,NORM-47,KAPILAR_0136_NORM-47,NORM,https://www.erenodoor.com/wp-content/uploads/images/KAPILAR_0136_NORM-47.png
2333534,NORM-46,KAPILAR_0137_NORM-46,NORM,https://www.erenodoor.com/wp-content/uploads/images/KAPILAR_0137_NORM-46.png
2333535,NORM-45,KAPILAR_0138_NORM-45,NORM,https://www.erenodoor.com/wp-content/uploads/images/KAPILAR_0138_NORM-45.png
2333536,NORM-44,KAPILAR_0139_NORM-44,NORM,https://www.erenodoor.com/wp-content/uploads/images/KAPILAR_0139_NORM-44.png
2333537,NORM-43,KAPILAR_0140_NORM-43,NORM,https://www.erenodoor.com/wp-content/uploads/images/KAPILAR_0140_NORM-43.png
2333538,NORM-42,KAPILAR_0141_NORM-42,NORM,https://www.erenodoor.com/wp-content/uploads/images/KAPILAR_0141_NORM-42.png
2333539,NORM-41,KAPILAR_0142_NORM-41,NORM,https://www.erenodoor.com/wp-content/uploads/images/KAPILAR_0142_NORM-41.png
2333540,NORM-40,KAPILAR_0143_NORM-40,NORM,https://www.erenodoor.com/wp-content/uploads/images/KAPILAR_0143_NORM-40.png
2333541,NORM-39,KAPILAR_0144_NORM-39,NORM,https://www.erenodoor.com/wp-content/uploads/images/KAPILAR_0144_NORM-39.png
2333542,NORM-38,KAPILAR_0145_NORM-38,NORM,https://www.erenodoor.com/wp-content/uploads/images/KAPILAR_0145_NORM-38.png
2333543,NORM-37,KAPILAR_0146_NORM-37,NORM,https://www.erenodoor.com/wp-content/uploads/images/KAPILAR_0146_NORM-37.png
2333544,NORM-36,KAPILAR_0147_NORM-36,NORM,https://www.erenodoor.com/wp-content/uploads/images/KAPILAR_0147_NORM-36.png
2333545,NORM-35,KAPILAR_0148_NORM-35,NORM,https://www.erenodoor.com/wp-content/uploads/images/KAPILAR_0148_NORM-35.png
2333546,NORM-34,KAPILAR_0149_NORM-34,NORM,https://www.erenodoor.com/wp-content/uploads/images/KAPILAR_0149_NORM-34.png
2333547,NORM-33,KAPILAR_0150_NORM-33,NORM,https://www.erenodoor.com/wp-content/uploads/images/KAPILAR_0150_NORM-33.png
2333548,NORM-32,KAPILAR_0151_NORM-32,NORM,https://www.erenodoor.com/wp-content/uploads/images/KAPILAR_0151_NORM-32.png
2333549,NORM-31,KAPILAR_0152_NORM-31,NORM,https://www.erenodoor.com/wp-content/uploads/images/KAPILAR_0152_NORM-31.png
2333550,NORM-30,KAPILAR_0153_NORM-30,NORM,https://www.erenodoor.com/wp-content/uploads/images/KAPILAR_0153_NORM-30.png
2333551,NORM-29,KAPILAR_0154_NORM-29,NORM,https://www.erenodoor.com/wp-content/uploads/images/KAPILAR_0154_NORM-29.png
2333552,NORM-28,KAPILAR_0155_NORM-28,NORM,https://www.erenodoor.com/wp-content/uploads/images/KAPILAR_0155_NORM-28.png
2333553,NORM-27,KAPILAR_0156_NORM-27,NORM,https://www.erenodoor.com/wp-content/uploads/images/KAPILAR_0156_NORM-27.png
2333554,NORM-26,KAPILAR_0157_NORM-26,NORM,https://www.erenodoor.com/wp-content/uploads/images/KAPILAR_0157_NORM-26.png
2333555,NORM-25,KAPILAR_0158_NORM-25,NORM,https://www.erenodoor.com/wp-content/uploads/images/KAPILAR_0158_NORM-25.png
2333556,NORM-24,KAPILAR_0159_NORM-24,NORM,https://www.erenodoor.com/wp-content/uploads/images/KAPILAR_0159_NORM-24.png
2333557,NORM-23,KAPILAR_0160_NORM-23,NORM,https://www.erenodoor.com/wp-content/uploads/images/KAPILAR_0160_NORM-23.png
2333558,NORM-22,KAPILAR_0161_NORM-22,NORM,https://www.erenodoor.com/wp-content/uploads/images/KAPILAR_0161_NORM-22.png
2333559,NORM-21,KAPILAR_0162_NORM-21,NORM,https://www.erenodoor.com/wp-content/uploads/images/KAPILAR_0162_NORM-21.png
2333560,NORM-20,KAPILAR_0163_NORM-20,NORM,https://www.erenodoor.com/wp-content/uploads/images/KAPILAR_0163_NORM-20.png
2333561,NORM-19,KAPILAR_0164_NORM-19,NORM,https://www.erenodoor.com/wp-content/uploads/images/KAPILAR_0164_NORM-19.png
2333562,NORM-18,KAPILAR_0165_NORM-18,NORM,https://www.erenodoor.com/wp-content/uploads/images/KAPILAR_0165_NORM-18.png
2333563,NORM-17,KAPILAR_0166_NORM-17,NORM,https://www.erenodoor.com/wp-content/uploads/images/KAPILAR_0166_NORM-17.png
2333564,NORM-16,KAPILAR_0167_NORM-16,NORM,https://www.erenodoor.com/wp-content/uploads/images/KAPILAR_0167_NORM-16.png
2333565,NORM-15,KAPILAR_0168_NORM-15,NORM,https://www.erenodoor.com/wp-content/uploads/images/KAPILAR_0168_NORM-15.png
2333566,NORM-14,KAPILAR_0169_NORM-14,NORM,https://www.erenodoor.com/wp-content/uploads/images/KAPILAR_0169_NORM-14.png
2333567,NORM-13,KAPILAR_0170_NORM-13,NORM,https://www.erenodoor.com/wp-content/uploads/images/KAPILAR_0170_NORM-13.png
2333568,NORM-12,KAPILAR_0171_NORM-12,NORM,https://www.erenodoor.com/wp-content/uploads/images/KAPILAR_0171_NORM-12.png
2333569,NORM-11,KAPILAR_0172_NORM-11,NORM,https://www.erenodoor.com/wp-content/uploads/images/KAPILAR_0172_NORM-11.png
2333570,NORM-10,KAPILAR_0173_NORM-10,NORM,https://www.erenodoor.com/wp-content/uploads/images/KAPILAR_0173_NORM-10.png
2333571,NORM-9,KAPILAR_0174_NORM-9,NORM,https://www.erenodoor.com/wp-content/uploads/images/KAPILAR_0174_NORM-9.png
2333572,NORM-8,KAPILAR_0175_NORM-8,NORM,https://www.erenodoor.com/wp-content/uploads/images/KAPILAR_0175_NORM-8.png
2333573,NORM-7,KAPILAR_0176_NORM-7,NORM,https://www.erenodoor.com/wp-content/uploads/images/KAPILAR_0176_NORM-7.png
2333574,NORM-6,KAPILAR_0177_NORM-6,NORM,https://www.erenodoor.com/wp-content/uploads/images/KAPILAR_0177_NORM-6.png
2333575,NORM-5,KAPILAR_0178_NORM-5,NORM,https://www.erenodoor.com/wp-content/uploads/images/KAPILAR_0178_NORM-5.png
2333576,NORM-4,KAPILAR_0179_NORM-4,NORM,https://www.erenodoor.com/wp-content/uploads/images/KAPILAR_0179_NORM-4.png
2333577,NORM-3,KAPILAR_0180_NORM-3,NORM,https://www.erenodoor.com/wp-content/uploads/images/KAPILAR_0180_NORM-3.png
2333578,NORM-2,KAPILAR_0181_NORM-2,NORM,https://www.erenodoor.com/wp-content/uploads/images/KAPILAR_0181_NORM-2.png
2333579,NORM-1,KAPILAR_0182_NORM-1,NORM,https://www.erenodoor.com/wp-content/uploads/images/KAPILAR_0182_NORM-1.png
